{
  "roc_auc": 0.8676983732845062,
  "pr_auc": 0.39693073472120055,
  "brier_score": 0.04906398582376337,
  "f1": 0.44408725602755456,
  "precision": 0.4114893617021277,
  "recall": 0.4822942643391521,
  "threshold": 0.23
}